first_name,last_name,email,age,course
Babbette,Stollmeier,bstollmeier0@independent.co.uk,18,BTech
Tann,Guilliland,tguilliland1@reverbnation.com,20,BSc CS
Murray,Player,mplayer2@google.co.uk,29,BSc IT
Nadiya,Grieve,ngrieve3@g.co,28,BSc IT
Orin,Meeke,omeeke4@telegraph.co.uk,22,BTech
Osborne,Paine,opaine5@hugedomains.com,26,BSc IT
Angelina,Paschke,apaschke6@mit.edu,21,BSc IT
Patrica,Machen,pmachen7@cbc.ca,23,BSc CS
Marylinda,Stell,mstell8@yahoo.co.jp,22,BSc CS
Quintina,Camous,qcamous9@google.es,18,BSc IT
Cyrus,Parsand,cparsanda@phoca.cz,26,BCA
Adrien,Tungay,atungayb@google.ca,22,BCA
Rozalie,Whorlton,rwhorltonc@sphinn.com,24,BTech
Towny,Swaysland,tswayslandd@yandex.ru,24,BCA
Chiquita,Colson,ccolsone@indiegogo.com,20,BCA
Jecho,Feaks,jfeaksf@weather.com,30,BCA
Hymie,Cussins,hcussinsg@hp.com,24,BCA
Robb,Shivell,rshivellh@blog.com,19,BSc CS
Vincents,Gravy,vgravyi@washington.edu,30,BSc CS
Tiphanie,Whatman,twhatmanj@list-manage.com,18,BSc IT
Eb,Oliff,eoliffk@home.pl,29,BCA
Nannie,McLeish,nmcleishl@slideshare.net,20,BCA
Thelma,Scarfe,tscarfem@w3.org,19,BCA
Matthieu,Clewett,mclewettn@youtu.be,20,BCA
Juliana,Monument,jmonumento@scientificamerican.com,20,BSc CS
Georgianne,Burkill,gburkillp@so-net.ne.jp,30,BSc CS
Sondra,Jerwood,sjerwoodq@sun.com,19,BCA
Cassi,Feather,cfeatherr@mapy.cz,25,BSc IT
Norman,Hails,nhailss@columbia.edu,21,BCA
Trent,Pietrowicz,tpietrowiczt@vistaprint.com,22,BSc IT
Rosy,Windibank,rwindibanku@dropbox.com,23,BSc IT
Gabi,Cecil,gcecilv@cnn.com,26,BSc IT
Woody,Smithend,wsmithendw@pen.io,28,BCA
Bartlet,Paterno,bpaternox@google.com.hk,21,BSc IT
Hillery,Frissell,hfrisselly@un.org,20,BSc IT
Andrea,Ianiello,aianielloz@statcounter.com,18,BSc CS
Laurent,Tapping,ltapping10@whitehouse.gov,29,BCA
Emmery,Cancellieri,ecancellieri11@narod.ru,24,BSc CS
Miguel,Avramovich,mavramovich12@blogspot.com,25,BSc CS
Jenn,Robertson,jrobertson13@people.com.cn,30,BCA
Levey,Priscott,lpriscott14@alibaba.com,27,BCA
Cooper,Regorz,cregorz15@phpbb.com,22,BCA
Emmi,Hospital,ehospital16@freewebs.com,18,BSc IT
Chen,Balderston,cbalderston17@lycos.com,24,BCA
Vivyanne,Di Giacomettino,vdigiacomettino18@merriam-webster.com,27,BSc CS
Sinclair,Eginton,seginton19@cyberchimps.com,18,BCA
Dede,Phelips,dphelips1a@youtube.com,24,BSc CS
Jordan,McKillop,jmckillop1b@hostgator.com,27,BSc CS
Ynes,Warrack,ywarrack1c@stanford.edu,25,BTech
Abigail,Shepley,ashepley1d@apple.com,19,BTech
Staffard,Scanderet,sscanderet1e@gov.uk,25,BSc CS
Aleda,Winwright,awinwright1f@meetup.com,18,BSc CS
Augusta,Earingey,aearingey1g@themeforest.net,30,BCA
Erhard,Phin,ephin1h@samsung.com,22,BSc CS
Leone,Milson,lmilson1i@google.it,22,BSc IT
Babbie,Arrington,barrington1j@ning.com,20,BCA
Chip,Mayou,cmayou1k@newsvine.com,28,BSc IT
Arlyn,Codling,acodling1l@businesswire.com,19,BTech
Rosemary,Vevers,rvevers1m@shop-pro.jp,21,BSc IT
Coop,Laviss,claviss1n@mozilla.org,24,BSc CS
Martynne,Routhorn,mrouthorn1o@pcworld.com,19,BCA
Jerrome,Jori,jjori1p@php.net,28,BCA
Geoff,Tackett,gtackett1q@weebly.com,27,BSc CS
Shane,Yokel,syokel1r@go.com,25,BCA
Marcelle,Duffan,mduffan1s@tinyurl.com,30,BSc IT
Ferdinand,Flucks,fflucks1t@amazon.co.uk,22,BCA
Ancell,Corneljes,acorneljes1u@hibu.com,21,BCA
Mildrid,Morbey,mmorbey1v@yahoo.com,27,BTech
Peria,Ragsdale,pragsdale1w@xinhuanet.com,27,BCA
Inger,McTrustrie,imctrustrie1x@parallels.com,23,BSc CS
Graeme,Zuann,gzuann1y@guardian.co.uk,18,BTech
Traci,Peacey,tpeacey1z@economist.com,29,BSc CS
Rosabelle,Farlam,rfarlam20@economist.com,21,BTech
Odessa,McMearty,omcmearty21@squarespace.com,24,BTech
Celina,Duffrie,cduffrie22@fema.gov,20,BSc IT
Ignacio,Sutehall,isutehall23@pen.io,28,BCA
Hugibert,Presidey,hpresidey24@wunderground.com,21,BSc IT
Christoper,Crangle,ccrangle25@auda.org.au,30,BSc IT
Jillana,Grunwald,jgrunwald26@cafepress.com,29,BSc IT
Fiona,Jenney,fjenney27@google.de,23,BTech
Neille,Terran,nterran28@bigcartel.com,23,BSc CS
Joanne,Baudassi,jbaudassi29@toplist.cz,24,BTech
Doris,Liddle,dliddle2a@ocn.ne.jp,22,BCA
Miller,Djekovic,mdjekovic2b@odnoklassniki.ru,27,BSc CS
Cherianne,Fatkin,cfatkin2c@huffingtonpost.com,19,BSc IT
Julianna,Gonneau,jgonneau2d@engadget.com,29,BSc IT
Lona,Eaglesham,leaglesham2e@globo.com,23,BSc CS
Devan,O' Cuolahan,docuolahan2f@harvard.edu,23,BSc IT
Kendre,Kilvington,kkilvington2g@cpanel.net,20,BSc CS
Shanan,Mackney,smackney2h@soup.io,18,BTech
Rozalin,Defond,rdefond2i@ibm.com,25,BTech
Jenica,Becraft,jbecraft2j@ucla.edu,29,BCA
Mill,Scrimgeour,mscrimgeour2k@smh.com.au,22,BCA
Sarette,Phizackerly,sphizackerly2l@i2i.jp,22,BSc CS
Minetta,Gillon,mgillon2m@utexas.edu,29,BSc CS
Jasmin,Abade,jabade2n@wunderground.com,22,BCA
Redford,Bendin,rbendin2o@tamu.edu,19,BCA
Charin,Chinge,cchinge2p@about.com,22,BCA
Artair,Del Monte,adelmonte2q@rambler.ru,29,BTech
Zollie,Bodocs,zbodocs2r@mysql.com,29,BSc IT
Teddie,Kohter,tkohter2s@irs.gov,27,BCA
Kath,Ebbotts,kebbotts2t@stumbleupon.com,22,BTech
Guthrey,Emig,gemig2u@hao123.com,28,BSc CS
Jane,Studdal,jstuddal2v@tamu.edu,24,BSc CS
Marin,Emeline,memeline2w@jimdo.com,19,BCA
Cori,Reubbens,creubbens2x@tiny.cc,26,BSc IT
Martynne,Lovart,mlovart2y@histats.com,26,BTech
Guendolen,Tockell,gtockell2z@ask.com,28,BSc IT
Fanechka,Mullineux,fmullineux30@imdb.com,20,BCA
Timothee,Lawrence,tlawrence31@dot.gov,20,BSc CS
Adelice,Benit,abenit32@issuu.com,23,BTech
Erina,Golt,egolt33@sina.com.cn,30,BTech
L;urette,Eddow,leddow34@joomla.org,18,BSc CS
Jordana,Finci,jfinci35@histats.com,27,BSc IT
Orton,Chard,ochard36@domainmarket.com,30,BTech
Albrecht,Vater,avater37@hc360.com,19,BTech
Myer,Brandli,mbrandli38@soundcloud.com,20,BSc CS
Nelie,Worledge,nworledge39@zimbio.com,27,BSc IT
Suzann,Flahive,sflahive3a@ted.com,18,BCA
Feodora,Corneck,fcorneck3b@imgur.com,29,BTech
Emmalyn,Tresise,etresise3c@cisco.com,22,BSc CS
Erv,Lapwood,elapwood3d@topsy.com,30,BSc CS
Tamas,Birchwood,tbirchwood3e@whitehouse.gov,20,BSc IT
Janessa,Casazza,jcasazza3f@thetimes.co.uk,29,BCA
Mable,Trainer,mtrainer3g@wired.com,18,BSc CS
Gilda,Mannin,gmannin3h@unicef.org,25,BCA
Cherida,Innett,cinnett3i@sbwire.com,24,BSc IT
Rainer,Lyptrit,rlyptrit3j@wp.com,28,BSc IT
Derk,Hache,dhache3k@nsw.gov.au,29,BSc CS
Thacher,Lebbern,tlebbern3l@go.com,26,BTech
Billie,Skells,bskells3m@stanford.edu,26,BSc CS
Niccolo,Lidgey,nlidgey3n@clickbank.net,24,BCA
Eldridge,Orton,eorton3o@cbslocal.com,25,BCA
Christie,Perrat,cperrat3p@zimbio.com,18,BTech
Kipper,Eisikowitch,keisikowitch3q@cpanel.net,28,BSc CS
Gonzalo,Scase,gscase3r@unblog.fr,24,BSc CS
Rubia,Nisco,rnisco3s@phoca.cz,23,BSc IT
Gregor,Wagerfield,gwagerfield3t@techcrunch.com,27,BSc CS
Joelly,Paraman,jparaman3u@domainmarket.com,30,BSc IT
Alanna,Vidyapin,avidyapin3v@prnewswire.com,25,BSc IT
Cami,Lisett,clisett3w@discovery.com,29,BSc IT
Crissy,Bootell,cbootell3x@apache.org,21,BSc CS
Alla,Seer,aseer3y@amazon.de,24,BSc CS
April,Spraggs,aspraggs3z@bluehost.com,27,BTech
Annalise,Pessler,apessler40@nsw.gov.au,25,BCA
Darelle,Lainge,dlainge41@sun.com,21,BSc IT
Krisha,Doggart,kdoggart42@smugmug.com,20,BTech
Babbie,Muffin,bmuffin43@upenn.edu,19,BCA
Alys,Guilaem,aguilaem44@constantcontact.com,25,BSc CS
Laurice,Wycliff,lwycliff45@theglobeandmail.com,30,BSc CS
Beryl,Cheese,bcheese46@etsy.com,25,BTech
Mariann,Motte,mmotte47@comsenz.com,20,BTech
Fletch,Kemster,fkemster48@smh.com.au,29,BTech
Ferdy,Vidgeon,fvidgeon49@gnu.org,21,BCA
Jennifer,Loidl,jloidl4a@t.co,27,BSc CS
Karon,Woollaston,kwoollaston4b@yahoo.co.jp,28,BTech
Siffre,Fishley,sfishley4c@nature.com,22,BSc IT
Margo,Molyneaux,mmolyneaux4d@theatlantic.com,19,BSc IT
Brewster,Sivill,bsivill4e@macromedia.com,30,BSc IT
Walther,Purcell,wpurcell4f@dedecms.com,22,BSc IT
Lockwood,Tuerena,ltuerena4g@europa.eu,22,BTech
Goldina,Dehn,gdehn4h@hibu.com,24,BTech
Nikos,Apedaile,napedaile4i@yandex.ru,18,BSc CS
Florinda,Merveille,fmerveille4j@ebay.com,22,BTech
Alexia,Prettjohn,aprettjohn4k@wordpress.com,18,BTech
Zora,Burling,zburling4l@oaic.gov.au,27,BSc CS
Prudi,Iacavone,piacavone4m@behance.net,20,BCA
Lyell,Mc Ilory,lmcilory4n@bigcartel.com,29,BTech
Nara,McAmish,nmcamish4o@dailymotion.com,29,BSc IT
Linn,Remmers,lremmers4p@ebay.co.uk,28,BCA
Angil,Strood,astrood4q@fda.gov,30,BCA
Brigg,Paulmann,bpaulmann4r@fotki.com,25,BCA
Silas,Casarini,scasarini4s@sogou.com,29,BSc IT
Percy,Fursse,pfursse4t@salon.com,27,BSc IT
Hertha,Mansfield,hmansfield4u@mac.com,18,BTech
Marie-jeanne,Durran,mdurran4v@apache.org,21,BSc IT
Mehetabel,Sadat,msadat4w@hhs.gov,18,BCA
Mohammed,Burdell,mburdell4x@blogger.com,26,BSc CS
Francene,Coom,fcoom4y@istockphoto.com,28,BTech
Bryna,Scolding,bscolding4z@howstuffworks.com,20,BCA
Cosimo,Poxton,cpoxton50@bravesites.com,26,BSc CS
Corty,Maddison,cmaddison51@tmall.com,20,BSc CS
Consuela,Fairnie,cfairnie52@cornell.edu,28,BTech
Yvon,Sellack,ysellack53@uiuc.edu,30,BSc IT
Teddi,Matelaitis,tmatelaitis54@cbslocal.com,27,BTech
Danila,Hantusch,dhantusch55@theguardian.com,22,BCA
Esme,Amott,eamott56@psu.edu,22,BTech
Zarla,Neilan,zneilan57@unesco.org,18,BCA
Sharlene,Winslet,swinslet58@csmonitor.com,29,BTech
Auberta,Baldini,abaldini59@addthis.com,29,BSc CS
Olin,Lammers,olammers5a@npr.org,25,BSc IT
Feodor,Wernham,fwernham5b@upenn.edu,22,BCA
Merola,Reichert,mreichert5c@shareasale.com,19,BCA
Maribeth,Fantham,mfantham5d@latimes.com,30,BSc CS
Ruthe,Bladge,rbladge5e@barnesandnoble.com,23,BTech
Sallee,Arkell,sarkell5f@admin.ch,22,BSc CS
Helenelizabeth,Robertson,hrobertson5g@dell.com,27,BTech
Di,Shirland,dshirland5h@yahoo.com,19,BSc IT
Marlyn,Ausiello,mausiello5i@blogtalkradio.com,19,BTech
Courtnay,Gravenell,cgravenell5j@addthis.com,30,BSc CS
Tan,Andersch,tandersch5k@networksolutions.com,29,BTech
Rayna,Counsell,rcounsell5l@house.gov,25,BTech
Bambie,Jenkin,bjenkin5m@boston.com,18,BTech
Heriberto,Perche,hperche5n@ftc.gov,26,BSc CS
Lynea,Ties,lties5o@apple.com,19,BSc IT
Zorine,Saggs,zsaggs5p@businesswire.com,24,BCA
Lennard,Rodda,lrodda5q@cnn.com,20,BCA
Gilburt,Franckton,gfranckton5r@jugem.jp,29,BSc CS
Laverna,Michelmore,lmichelmore5s@typepad.com,20,BSc CS
Karrah,Nutter,knutter5t@hao123.com,19,BSc CS
Jethro,Corbishley,jcorbishley5u@boston.com,19,BSc IT
Suzette,Block,sblock5v@bandcamp.com,24,BSc IT
Briney,Gillie,bgillie5w@vk.com,20,BSc CS
Sarine,Innis,sinnis5x@people.com.cn,19,BSc IT
Lucine,Muscott,lmuscott5y@soundcloud.com,26,BSc IT
Ashlen,Picknett,apicknett5z@oaic.gov.au,22,BSc IT
Alick,Ramelot,aramelot60@hostgator.com,26,BTech
Esme,Bigglestone,ebigglestone61@1und1.de,25,BSc IT
Kizzee,Way,kway62@printfriendly.com,21,BTech
Patrice,Beatey,pbeatey63@google.fr,24,BTech
Rowland,Cuddon,rcuddon64@aol.com,23,BSc CS
Nesta,Wormstone,nwormstone65@dion.ne.jp,22,BSc CS
Bliss,Milburn,bmilburn66@archive.org,24,BTech
Che,Bennie,cbennie67@networkadvertising.org,19,BCA
Garvey,Orrett,gorrett68@lulu.com,18,BSc IT
Gaynor,Learoyde,glearoyde69@wunderground.com,29,BSc CS
Lombard,Aulds,laulds6a@cdc.gov,22,BTech
Lorena,O'Brallaghan,lobrallaghan6b@theglobeandmail.com,21,BSc IT
Georgena,Beams,gbeams6c@weibo.com,22,BTech
Loralie,Morford,lmorford6d@sourceforge.net,22,BSc IT
Gaylord,Dreossi,gdreossi6e@shareasale.com,27,BTech
Ferrell,Growcott,fgrowcott6f@si.edu,19,BTech
Charley,Pinkerton,cpinkerton6g@wix.com,23,BCA
Larry,Grigoire,lgrigoire6h@t-online.de,29,BSc CS
Jerrilyn,Ely,jely6i@reddit.com,19,BSc CS
Lila,Furse,lfurse6j@prweb.com,30,BTech
Orlan,Lonsdale,olonsdale6k@sina.com.cn,21,BTech
Marylynne,Kinforth,mkinforth6l@icio.us,25,BTech
Carolann,Borsay,cborsay6m@oracle.com,27,BSc CS
Teri,Coultous,tcoultous6n@yellowbook.com,30,BSc IT
Ivar,Cosgrove,icosgrove6o@sciencedirect.com,28,BSc CS
Vanessa,Fanshaw,vfanshaw6p@angelfire.com,21,BSc CS
Peirce,Wibberley,pwibberley6q@ed.gov,30,BSc CS
Nicholas,Cargill,ncargill6r@ucoz.ru,23,BTech
Sloan,Livett,slivett6s@marketwatch.com,25,BTech
Nolly,Yter,nyter6t@weebly.com,24,BSc IT
Vite,Carnall,vcarnall6u@va.gov,19,BSc CS
Allan,Dunston,adunston6v@ebay.co.uk,28,BCA
Jeremiah,Taggerty,jtaggerty6w@wikia.com,26,BSc IT
Courtney,Scheffler,cscheffler6x@privacy.gov.au,24,BCA
Freeland,Mould,fmould6y@github.com,23,BSc CS
Risa,Downes,rdownes6z@shareasale.com,19,BSc IT
Heinrik,McDell,hmcdell70@spiegel.de,29,BCA
Boone,Braidman,bbraidman71@hatena.ne.jp,21,BSc CS
Kelsi,Mellmer,kmellmer72@hubpages.com,27,BSc IT
Pansy,Scocroft,pscocroft73@printfriendly.com,19,BSc IT
Georgianne,Gribbin,ggribbin74@webmd.com,28,BTech
Kayle,Cissell,kcissell75@deliciousdays.com,25,BCA
Gustavo,Donnison,gdonnison76@bloomberg.com,22,BCA
Billie,Davidove,bdavidove77@soundcloud.com,30,BCA
Jessee,Blackey,jblackey78@prnewswire.com,24,BTech
Fannie,Godier,fgodier79@nyu.edu,26,BCA
Wallie,Devo,wdevo7a@sun.com,22,BSc CS
Sammy,Nealey,snealey7b@accuweather.com,27,BTech
Jarrod,Gammie,jgammie7c@state.gov,29,BTech
Dalli,Cubbit,dcubbit7d@tinypic.com,20,BTech
Hildegaard,Toopin,htoopin7e@loc.gov,30,BSc CS
Sig,Sidney,ssidney7f@intel.com,18,BCA
Skyler,Drillot,sdrillot7g@yolasite.com,18,BSc CS
Paolina,Josefowicz,pjosefowicz7h@desdev.cn,25,BSc IT
Harriott,Ofener,hofener7i@uiuc.edu,28,BSc IT
Gun,Eustis,geustis7j@google.de,29,BTech
Ferdy,Esmonde,fesmonde7k@cdc.gov,22,BTech
Adams,Cotgrave,acotgrave7l@booking.com,29,BCA
Elmer,Attlee,eattlee7m@flavors.me,25,BCA
Cos,Ludmann,cludmann7n@shinystat.com,27,BSc IT
Omero,Mainds,omainds7o@wikia.com,18,BSc IT
Blair,Elder,belder7p@cnet.com,26,BTech
Horatia,Bordman,hbordman7q@squidoo.com,20,BTech
Lammond,Bonin,lbonin7r@fda.gov,18,BSc CS
Nanci,Gilmore,ngilmore7s@tripadvisor.com,21,BTech
Barclay,Farrear,bfarrear7t@globo.com,24,BSc CS
Kylie,Flitcroft,kflitcroft7u@mapquest.com,18,BTech
Andrea,Champneys,achampneys7v@plala.or.jp,23,BSc CS
Sherline,Vanns,svanns7w@pbs.org,27,BCA
Annalee,Rubinivitz,arubinivitz7x@spiegel.de,23,BSc IT
Catherina,Syalvester,csyalvester7y@adobe.com,27,BSc IT
Janetta,Medeway,jmedeway7z@issuu.com,21,BSc IT
Damiano,Barukh,dbarukh80@eventbrite.com,30,BCA
Chaunce,Shuter,cshuter81@indiegogo.com,24,BSc IT
Constancy,Dumbreck,cdumbreck82@geocities.jp,29,BCA
Jarib,Schrinel,jschrinel83@flickr.com,21,BSc CS
Lesli,Colvie,lcolvie84@gizmodo.com,20,BCA
Bryna,Gurner,bgurner85@infoseek.co.jp,21,BSc IT
Uri,Shipp,ushipp86@blogger.com,19,BSc CS
Hugh,Ropking,hropking87@cbslocal.com,20,BCA
Jaye,Waddie,jwaddie88@mapquest.com,26,BTech
Randie,O'Nowlan,ronowlan89@ocn.ne.jp,20,BSc CS
Larisa,Clayden,lclayden8a@usda.gov,19,BSc CS
Lionel,Cowburn,lcowburn8b@dailymotion.com,30,BCA
Lari,Simonassi,lsimonassi8c@hibu.com,24,BTech
Gav,Real,greal8d@mit.edu,30,BSc CS
Emmi,Luquet,eluquet8e@omniture.com,25,BTech
Sigfrid,Casella,scasella8f@cargocollective.com,27,BTech
Jacquetta,Rispine,jrispine8g@craigslist.org,23,BSc CS
Katey,Daulton,kdaulton8h@timesonline.co.uk,29,BSc CS
Reuben,Tenniswood,rtenniswood8i@com.com,21,BSc CS
Milzie,Dalrymple,mdalrymple8j@typepad.com,22,BCA
Teddy,Blood,tblood8k@toplist.cz,27,BSc IT
Blakeley,Buckthorp,bbuckthorp8l@tamu.edu,30,BSc IT
Giuseppe,Weblin,gweblin8m@csmonitor.com,25,BTech
Mannie,Elves,melves8n@webs.com,29,BCA
Price,Cowey,pcowey8o@facebook.com,23,BCA
Aaren,Utterson,autterson8p@ocn.ne.jp,23,BTech
Tamarah,Lockyear,tlockyear8q@lulu.com,20,BTech
Raymund,Mc Grath,rmcgrath8r@amazon.com,21,BSc IT
Lauren,Sussams,lsussams8s@oaic.gov.au,18,BSc CS
Randell,Pevreal,rpevreal8t@bloglovin.com,19,BSc CS
Catina,Capener,ccapener8u@theglobeandmail.com,30,BCA
Geri,Gladdis,ggladdis8v@homestead.com,19,BSc IT
Rodolphe,Schoolcroft,rschoolcroft8w@nps.gov,26,BTech
Colly,Drackford,cdrackford8x@pcworld.com,25,BCA
Janaye,Fiveash,jfiveash8y@goo.ne.jp,19,BSc CS
Wylma,Gecks,wgecks8z@sogou.com,24,BSc CS
Morissa,Plumer,mplumer90@amazon.co.uk,28,BSc IT
Stanleigh,Skill,sskill91@feedburner.com,22,BSc CS
Cally,Cassey,ccassey92@artisteer.com,26,BSc CS
Hogan,Moultrie,hmoultrie93@cbc.ca,19,BSc CS
Frederico,Masson,fmasson94@epa.gov,28,BSc IT
Ediva,Stains,estains95@hibu.com,22,BTech
Tomi,Riep,triep96@fastcompany.com,28,BTech
Yvon,Whorton,ywhorton97@independent.co.uk,29,BCA
Friedrich,Havercroft,fhavercroft98@cpanel.net,20,BSc CS
Joletta,Lathan,jlathan99@unicef.org,29,BCA
Kelley,David,kdavid9a@nature.com,21,BSc IT
Amy,Geikie,ageikie9b@oaic.gov.au,20,BSc IT
Noelyn,Loweth,nloweth9c@biblegateway.com,28,BTech
Megan,Moller,mmoller9d@flickr.com,30,BTech
Suki,Featenby,sfeatenby9e@biblegateway.com,20,BTech
Guido,Dreinan,gdreinan9f@hexun.com,21,BCA
Sara-ann,Rape,srape9g@jalbum.net,25,BCA
Weston,Capineer,wcapineer9h@slideshare.net,21,BSc CS
Rickert,Parrington,rparrington9i@wiley.com,24,BTech
Orion,Dabels,odabels9j@hud.gov,22,BSc CS
Pier,Swadlin,pswadlin9k@unc.edu,27,BSc CS
Sophi,Cowley,scowley9l@phoca.cz,25,BSc CS
Broderick,Berlin,bberlin9m@intel.com,19,BTech
Ramsey,O'Lenane,rolenane9n@phpbb.com,30,BTech
Gerrilee,Blowick,gblowick9o@theguardian.com,30,BSc CS
Ezekiel,Lennon,elennon9p@redcross.org,24,BCA
Lucille,Elsby,lelsby9q@nasa.gov,24,BSc IT
Sabine,Shilleto,sshilleto9r@photobucket.com,29,BSc IT
Dulcine,Knutsen,dknutsen9s@tinypic.com,23,BTech
Steven,Beminster,sbeminster9t@sitemeter.com,22,BSc CS
Davina,Lount,dlount9u@guardian.co.uk,30,BSc CS
Aura,Flippelli,aflippelli9v@t.co,19,BTech
Ivett,Fretson,ifretson9w@admin.ch,22,BSc CS
Joby,Hempel,jhempel9x@stumbleupon.com,20,BSc IT
Jerrilee,Baszkiewicz,jbaszkiewicz9y@google.it,19,BSc CS
Ford,Wackley,fwackley9z@g.co,27,BTech
Rudie,Velez,rveleza0@g.co,25,BCA
Madison,Tomasicchio,mtomasicchioa1@google.ru,26,BTech
Kienan,Emmatt,kemmatta2@vkontakte.ru,28,BTech
Odelle,Darragh,odarragha3@webs.com,21,BCA
Ashlin,McGinnell,amcginnella4@telegraph.co.uk,23,BCA
Glyn,Van Oord,gvanoorda5@fc2.com,18,BSc CS
Hermione,Frudd,hfrudda6@auda.org.au,18,BTech
Joela,Charters,jchartersa7@reverbnation.com,20,BSc CS
Celina,Tremoille,ctremoillea8@macromedia.com,28,BSc CS
Cristiano,Hebborne,chebbornea9@chronoengine.com,30,BCA
Zorana,Edmott,zedmottaa@cloudflare.com,25,BSc CS
Alvan,Crockford,acrockfordab@rakuten.co.jp,30,BSc CS
Maryellen,Lilleman,mlillemanac@nytimes.com,25,BSc IT
Belva,Oldknow,boldknowad@squidoo.com,30,BTech
Gelya,Vogelein,gvogeleinae@hp.com,19,BTech
Isidore,Windram,iwindramaf@netscape.com,28,BSc CS
Brandtr,Kynvin,bkynvinag@accuweather.com,30,BTech
Peterus,Kittiman,pkittimanah@mayoclinic.com,26,BCA
Daryn,Lavarack,dlavarackai@fastcompany.com,30,BTech
Ara,Becom,abecomaj@bbb.org,26,BSc IT
Dell,Lambis,dlambisak@wikimedia.org,20,BTech
Susannah,Carbett,scarbettal@wp.com,23,BSc CS
Lowe,Goodbairn,lgoodbairnam@slideshare.net,24,BSc IT
Kerstin,Gartery,kgarteryan@phoca.cz,19,BTech
Marybeth,Crawcour,mcrawcourao@japanpost.jp,26,BCA
Tedie,Silvermann,tsilvermannap@devhub.com,19,BTech
Paquito,MacNucator,pmacnucatoraq@latimes.com,19,BSc IT
Lamar,Pinnere,lpinnerear@sphinn.com,30,BTech
Andra,Brewins,abrewinsas@indiegogo.com,24,BSc CS
Jon,Tailour,jtailourat@vimeo.com,20,BSc CS
Alanna,Burvill,aburvillau@sbwire.com,27,BTech
Robinet,MacConnal,rmacconnalav@weebly.com,26,BSc CS
Yves,Filinkov,yfilinkovaw@google.com,18,BSc IT
Wang,Aizikov,waizikovax@etsy.com,26,BSc CS
Rainer,Junkison,rjunkisonay@4shared.com,29,BTech
Kennett,Gislebert,kgislebertaz@amazon.com,20,BCA
Ellary,Willers,ewillersb0@ihg.com,24,BTech
Tab,Londesborough,tlondesboroughb1@youtu.be,26,BCA
Brewer,Bolger,bbolgerb2@nytimes.com,22,BSc IT
Sarina,Coultas,scoultasb3@amazon.de,20,BSc CS
Alisa,Grosvener,agrosvenerb4@typepad.com,20,BTech
Marylee,Ivakhin,mivakhinb5@hexun.com,24,BSc IT
Reinaldos,Maiklem,rmaiklemb6@theatlantic.com,24,BSc CS
Sutherlan,Davidi,sdavidib7@bbc.co.uk,20,BTech
Marlene,Kareman,mkaremanb8@google.ru,18,BSc CS
Claire,Lowndes,clowndesb9@i2i.jp,23,BTech
Joli,Antonias,jantoniasba@apple.com,21,BTech
Liam,Myring,lmyringbb@barnesandnoble.com,24,BSc IT
Cathee,Cogman,ccogmanbc@abc.net.au,22,BCA
Adele,Pagon,apagonbd@com.com,25,BCA
Cordi,Jeness,cjenessbe@dropbox.com,24,BSc CS
Beilul,Murgatroyd,bmurgatroydbf@infoseek.co.jp,26,BCA
Mayer,Sheather,msheatherbg@who.int,28,BSc CS
Amil,Auden,aaudenbh@howstuffworks.com,30,BCA
Phyllis,Watchorn,pwatchornbi@themeforest.net,21,BCA
Linnie,O'Flaherty,loflahertybj@nbcnews.com,22,BCA
Hilario,Kerrod,hkerrodbk@dell.com,26,BCA
Erl,Anand,eanandbl@sitemeter.com,18,BSc IT
Den,Lynd,dlyndbm@tumblr.com,20,BSc CS
Ettie,Philipson,ephilipsonbn@ameblo.jp,28,BTech
Robin,Simkins,rsimkinsbo@pen.io,30,BCA
Malia,Lacrouts,mlacroutsbp@oakley.com,20,BSc CS
Kay,Vida,kvidabq@cdbaby.com,22,BSc IT
Neall,Lepere,nleperebr@zdnet.com,26,BSc IT
Lucais,Goldup,lgoldupbs@mysql.com,25,BSc CS
Aigneis,Coche,acochebt@japanpost.jp,29,BSc IT
Aloisia,Twallin,atwallinbu@behance.net,18,BSc CS
Paxon,Simenel,psimenelbv@blogs.com,24,BSc CS
Dieter,Tunstall,dtunstallbw@indiegogo.com,21,BSc CS
Meyer,Sparling,msparlingbx@angelfire.com,25,BCA
Meghann,Klauer,mklauerby@devhub.com,22,BCA
Gail,Look,glookbz@engadget.com,27,BSc IT
Guenna,Payfoot,gpayfootc0@globo.com,21,BCA
Charline,Rosenschein,crosenscheinc1@unblog.fr,30,BCA
Tandy,Santoro,tsantoroc2@technorati.com,24,BCA
Evaleen,Yes,eyesc3@va.gov,21,BSc CS
Roma,Gercken,rgerckenc4@weebly.com,21,BTech
Xylina,Kollasch,xkollaschc5@seesaa.net,30,BSc IT
Denys,Miner,dminerc6@taobao.com,21,BTech
Julieta,Adams,jadamsc7@blogtalkradio.com,19,BTech
Cathlene,Spick,cspickc8@flickr.com,24,BTech
Salaidh,Reddan,sreddanc9@ustream.tv,18,BTech
Anson,Pacht,apachtca@fastcompany.com,26,BSc CS
Osbourn,Macallam,omacallamcb@freewebs.com,23,BSc CS
Batholomew,Vedekhov,bvedekhovcc@sakura.ne.jp,21,BSc CS
Raquel,Sproule,rsproulecd@sphinn.com,26,BCA
Korie,Hallbird,khallbirdce@mac.com,24,BSc IT
Cleve,Capper,ccappercf@ftc.gov,25,BSc IT
Nestor,Carrane,ncarranecg@shop-pro.jp,19,BSc IT
Bea,Treswell,btreswellch@hostgator.com,26,BSc IT
Flin,Zettoi,fzettoici@icq.com,25,BSc CS
Nolie,Sutter,nsuttercj@timesonline.co.uk,26,BSc CS
Phaedra,Sherrock,psherrockck@tumblr.com,27,BTech
Robinett,Grieg,rgriegcl@homestead.com,21,BSc CS
Emlynn,Linacre,elinacrecm@nbcnews.com,26,BCA
Kelsi,Semour,ksemourcn@lulu.com,22,BSc CS
Alexina,Beaton,abeatonco@nature.com,26,BSc IT
Ives,Babonau,ibabonaucp@soup.io,30,BTech
Flin,Maydway,fmaydwaycq@goodreads.com,20,BCA
Merola,Micheli,mmichelicr@scientificamerican.com,28,BTech
Calla,Kenlin,ckenlincs@diigo.com,27,BSc CS
Elston,Treske,etreskect@soundcloud.com,28,BSc IT
Diarmid,Eustes,deustescu@cafepress.com,23,BCA
Hanna,Doughtery,hdoughterycv@state.gov,30,BSc CS
Arden,Tawn,atawncw@newsvine.com,24,BSc CS
Cahra,Lentsch,clentschcx@slashdot.org,29,BSc IT
Atlante,Rowlings,arowlingscy@toplist.cz,29,BCA
Sigismond,Thomton,sthomtoncz@blogspot.com,29,BSc CS
Mikael,Rawll,mrawlld0@wp.com,25,BSc CS
Malachi,Tellwright,mtellwrightd1@wikipedia.org,18,BCA
Boyce,Zellner,bzellnerd2@skype.com,29,BSc IT
Tillie,Lockery,tlockeryd3@elegantthemes.com,23,BSc CS
Kelley,Kingcote,kkingcoted4@nifty.com,28,BSc CS
Michal,Willcot,mwillcotd5@rakuten.co.jp,26,BTech
Meagan,Helliker,mhellikerd6@godaddy.com,29,BSc IT
Devin,Gillions,dgillionsd7@cnet.com,21,BSc IT
Blythe,Hyman,bhymand8@wikispaces.com,26,BCA
Terrence,Sermin,tsermind9@about.com,21,BSc IT
Niel,Ashtonhurst,nashtonhurstda@icq.com,28,BCA
Robinette,O'Hdirscoll,rohdirscolldb@drupal.org,24,BCA
Elizabet,Diamond,ediamonddc@umich.edu,28,BCA
Gretel,Prozescky,gprozesckydd@businesswire.com,19,BTech
Truda,Oleszcuk,toleszcukde@jugem.jp,19,BSc CS
Lucas,Akram,lakramdf@craigslist.org,22,BSc IT
Garvy,Dykes,gdykesdg@addthis.com,23,BSc CS
Ramona,Pratley,rpratleydh@ft.com,30,BSc IT
Jobina,McTavish,jmctavishdi@umich.edu,23,BCA
Ephrayim,Asken,easkendj@techcrunch.com,24,BSc CS
Mike,de Broke,mdebrokedk@hc360.com,27,BSc CS
Shelba,Dahmke,sdahmkedl@vinaora.com,23,BSc CS
Ollie,Showers,oshowersdm@washingtonpost.com,20,BCA
Miof mela,Massenhove,mmassenhovedn@vimeo.com,18,BTech
Sheridan,Arnaez,sarnaezdo@fda.gov,22,BTech
Ramsay,Brandone,rbrandonedp@about.com,22,BSc CS
Ianthe,McCormack,imccormackdq@miitbeian.gov.cn,20,BSc CS
Hayward,McMichael,hmcmichaeldr@epa.gov,23,BSc IT
Rodolphe,Schirach,rschirachds@gizmodo.com,28,BTech
Dion,Paridge,dparidgedt@fda.gov,28,BCA
Tann,Lardez,tlardezdu@rakuten.co.jp,21,BCA
Nicola,Schimon,nschimondv@opera.com,30,BCA
Brandise,Desmond,bdesmonddw@whitehouse.gov,18,BSc IT
Adan,Chesshyre,achesshyredx@independent.co.uk,18,BCA
Lavinia,Tern,lterndy@angelfire.com,18,BTech
Garnette,Cumbers,gcumbersdz@netvibes.com,19,BSc CS
Dulcinea,Scoular,dscoulare0@behance.net,28,BSc IT
Tony,De Dei,tdedeie1@loc.gov,25,BSc CS
Haily,Sture,hsturee2@shutterfly.com,28,BSc CS
Sheena,Tweedie,stweediee3@behance.net,27,BSc IT
Tomasine,Mitchiner,tmitchinere4@biglobe.ne.jp,22,BSc IT
Hunt,Kimbly,hkimblye5@utexas.edu,27,BCA
Carey,Featherby,cfeatherbye6@weibo.com,22,BSc IT
Kelcy,Dagger,kdaggere7@bloglines.com,30,BCA
Arabel,Crowest,acroweste8@yellowbook.com,22,BSc IT
Sabina,Glentworth,sglentworthe9@msn.com,27,BSc IT
Dianna,Pollington,dpollingtonea@liveinternet.ru,24,BSc IT
Paton,Dantesia,pdantesiaeb@geocities.jp,19,BSc IT
Vachel,Abthorpe,vabthorpeec@senate.gov,30,BCA
Harlie,Swaton,hswatoned@hao123.com,23,BTech
Hunt,Tracy,htracyee@home.pl,26,BCA
Lindi,Blockley,lblockleyef@cisco.com,25,BCA
Aurilia,Kubczak,akubczakeg@cyberchimps.com,25,BSc CS
Katleen,Abrashkin,kabrashkineh@npr.org,19,BTech
Kath,Arsnell,karsnellei@cam.ac.uk,29,BTech
Wright,Brooker,wbrookerej@hubpages.com,23,BSc IT
Aimee,Colloby,acollobyek@bloglines.com,22,BSc IT
Silvanus,Gladbeck,sgladbeckel@squarespace.com,21,BSc IT
Walliw,Conway,wconwayem@vkontakte.ru,26,BSc CS
Ivie,Gaunt,igaunten@wired.com,28,BSc CS
Ban,Shearsby,bshearsbyeo@berkeley.edu,26,BSc IT
Corella,Parres,cparresep@t-online.de,18,BCA
Aloysia,Cardenoso,acardenosoeq@flickr.com,27,BSc CS
Grata,Robelin,grobeliner@hubpages.com,28,BSc IT
Isabel,Briand,ibriandes@vkontakte.ru,30,BTech
Stacey,Campelli,scampelliet@mlb.com,18,BSc CS
Solomon,Gillman,sgillmaneu@unblog.fr,26,BSc CS
Emma,Jasper,ejasperev@1und1.de,29,BTech
Filberto,McGlynn,fmcglynnew@ucsd.edu,18,BTech
Estevan,Rowter,erowterex@youtube.com,25,BCA
Christiana,Cook,ccookey@cloudflare.com,19,BSc IT
Ros,Clemoes,rclemoesez@tmall.com,28,BCA
Bank,Phillcox,bphillcoxf0@networksolutions.com,19,BCA
Don,Scaice,dscaicef1@altervista.org,23,BTech
Edgard,Linnemann,elinnemannf2@omniture.com,27,BTech
Darcey,Medler,dmedlerf3@webnode.com,24,BCA
Margot,Keyzman,mkeyzmanf4@smugmug.com,25,BSc CS
Doe,Daine,ddainef5@boston.com,20,BTech
Natalina,Rape,nrapef6@cdc.gov,23,BTech
Elihu,Este,eestef7@netscape.com,23,BCA
Iolande,Letertre,iletertref8@craigslist.org,23,BCA
Billie,Tappin,btappinf9@microsoft.com,26,BSc CS
Silvia,Hadlington,shadlingtonfa@friendfeed.com,26,BSc CS
Sholom,Rutter,srutterfb@hc360.com,29,BSc IT
Farand,Coltart,fcoltartfc@domainmarket.com,24,BTech
Rafael,Pegden,rpegdenfd@irs.gov,19,BSc IT
Carmella,Bechley,cbechleyfe@friendfeed.com,26,BSc CS
Cynthie,Utting,cuttingff@sciencedaily.com,19,BTech
Dorise,Twopenny,dtwopennyfg@themeforest.net,22,BCA
Dodie,Mawman,dmawmanfh@tumblr.com,27,BTech
Odilia,Navarijo,onavarijofi@squidoo.com,19,BSc IT
Lebbie,Wallice,lwallicefj@ca.gov,21,BSc CS
Windy,Kull,wkullfk@posterous.com,24,BCA
Duffy,Blade,dbladefl@berkeley.edu,25,BTech
Anallise,Stoter,astoterfm@ucsd.edu,18,BCA
Carley,Sweet,csweetfn@wikipedia.org,22,BTech
Phaidra,Scales,pscalesfo@arizona.edu,24,BCA
Ondrea,Trelevan,otrelevanfp@naver.com,24,BSc IT
Jody,Mayzes,jmayzesfq@redcross.org,27,BSc IT
Rheba,Probetts,rprobettsfr@blogtalkradio.com,29,BSc IT
Roanna,Kryszka,rkryszkafs@phoca.cz,29,BSc IT
Court,Simenet,csimenetft@state.gov,25,BSc IT
Hurley,Memory,hmemoryfu@wired.com,21,BCA
Keeley,Harler,kharlerfv@mtv.com,27,BSc IT
Ogdan,Broader,obroaderfw@biblegateway.com,30,BTech
Rudolfo,Archley,rarchleyfx@sakura.ne.jp,25,BCA
Tammy,Marmon,tmarmonfy@thetimes.co.uk,22,BCA
Kellina,Lindell,klindellfz@phpbb.com,24,BSc CS
Michel,Bluett,mbluettg0@cnn.com,25,BSc IT
Mendie,Sackes,msackesg1@istockphoto.com,23,BSc CS
Ardyth,Meryett,ameryettg2@thetimes.co.uk,28,BTech
Gar,Prandi,gprandig3@squarespace.com,21,BTech
Serena,Glantz,sglantzg4@a8.net,18,BSc IT
Kevon,Bartrop,kbartropg5@oaic.gov.au,21,BCA
Gayle,Huffadine,ghuffadineg6@yahoo.com,27,BTech
Efrem,Wolstencroft,ewolstencroftg7@myspace.com,27,BSc CS
Wyndham,Yakushkev,wyakushkevg8@examiner.com,18,BSc CS
Garwood,Micklewicz,gmicklewiczg9@comsenz.com,24,BSc IT
Egan,Seignior,eseigniorga@histats.com,18,BTech
Mallory,Prudence,mprudencegb@unicef.org,28,BCA
Land,Kiefer,lkiefergc@sphinn.com,25,BCA
Koenraad,Kennewell,kkennewellgd@wisc.edu,28,BCA
Hugh,Sneddon,hsneddonge@nydailynews.com,25,BSc CS
Benedict,Hedaux,bhedauxgf@usa.gov,18,BTech
Emalia,Sybbe,esybbegg@seattletimes.com,18,BSc CS
Craggy,Gulliman,cgullimangh@yolasite.com,27,BCA
Clemence,Garnul,cgarnulgi@google.nl,27,BSc IT
Henrik,Blasio,hblasiogj@bbb.org,27,BSc IT
Chariot,Elsay,celsaygk@wikia.com,27,BSc IT
Christopher,Canero,ccanerogl@gmpg.org,22,BSc CS
Raina,Somerlie,rsomerliegm@nymag.com,18,BCA
Shawnee,Pirot,spirotgn@delicious.com,21,BTech
Roderic,Cassels,rcasselsgo@comcast.net,26,BTech
Noach,Bernetti,nbernettigp@ucsd.edu,25,BSc IT
Menard,McAlpine,mmcalpinegq@wsj.com,22,BSc IT
Wallie,Rossetti,wrossettigr@fastcompany.com,29,BSc CS
Dianna,Sturmey,dsturmeygs@free.fr,21,BSc IT
Garvy,Gloucester,ggloucestergt@mac.com,20,BTech
Helaina,Ginner,hginnergu@earthlink.net,24,BSc CS
Rob,Sheirlaw,rsheirlawgv@nba.com,25,BCA
Nat,Brennon,nbrennongw@stumbleupon.com,21,BSc IT
Sarette,Birkenshaw,sbirkenshawgx@washington.edu,23,BTech
Geralda,Fisby,gfisbygy@hibu.com,20,BTech
Shalom,Audibert,saudibertgz@omniture.com,22,BCA
Madlin,Haine,mhaineh0@wp.com,23,BSc CS
Anallise,Hamflett,ahamfletth1@yahoo.com,19,BSc IT
Jard,Imison,jimisonh2@wp.com,23,BTech
Cleopatra,Gotts,cgottsh3@nationalgeographic.com,27,BSc CS
Selle,Mouse,smouseh4@storify.com,30,BTech
Lewes,Rymmer,lrymmerh5@time.com,18,BSc CS
Chas,Samart,csamarth6@chron.com,20,BTech
Natale,Avrahamian,navrahamianh7@sina.com.cn,24,BSc IT
Abran,Bernette,abernetteh8@xrea.com,25,BCA
Welby,Plews,wplewsh9@wikia.com,24,BSc CS
Dianne,Maffetti,dmaffettiha@tiny.cc,18,BCA
Audie,Rowbrey,arowbreyhb@omniture.com,27,BCA
Cariotta,Rainer,crainerhc@posterous.com,26,BSc IT
Daisey,Mattiazzo,dmattiazzohd@state.gov,29,BSc CS
Ebenezer,Hastwell,ehastwellhe@flavors.me,21,BSc CS
Carolann,Goodsal,cgoodsalhf@freewebs.com,21,BSc CS
Jolene,Pindell,jpindellhg@networkadvertising.org,19,BCA
Belia,Stormonth,bstormonthhh@topsy.com,18,BCA
Monica,Veness,mvenesshi@typepad.com,26,BSc CS
Brigitte,Clace,bclacehj@gnu.org,22,BSc CS
Jeffrey,De la Barre,jdelabarrehk@nytimes.com,25,BCA
Leupold,Ambrois,lambroishl@tinypic.com,23,BTech
Stu,Gavan,sgavanhm@archive.org,19,BSc IT
Byron,Reasce,breascehn@goodreads.com,21,BSc IT
Jennie,Doll,jdollho@soup.io,20,BSc IT
Bowie,Beardshall,bbeardshallhp@amazon.com,19,BSc CS
Francklin,Minero,fminerohq@nifty.com,19,BTech
Aleen,Krauze,akrauzehr@slate.com,27,BSc CS
Neely,Haysar,nhaysarhs@state.gov,27,BSc CS
Amara,Mountain,amountainht@com.com,27,BSc CS
Eunice,Vautier,evautierhu@dailymail.co.uk,19,BSc IT
Midge,Parker,mparkerhv@newsvine.com,23,BSc CS
Graehme,Keoghan,gkeoghanhw@illinois.edu,23,BSc CS
Weber,Walsh,wwalshhx@admin.ch,23,BTech
Jemie,Crippin,jcrippinhy@moonfruit.com,25,BSc IT
Bale,Hiskey,bhiskeyhz@surveymonkey.com,21,BTech
Darb,Acaster,dacasteri0@cyberchimps.com,24,BCA
Linn,Whitmell,lwhitmelli1@archive.org,20,BSc CS
Allsun,Felipe,afelipei2@netscape.com,26,BSc CS
Jacky,Ridge,jridgei3@wunderground.com,18,BSc IT
Juliet,Hollows,jhollowsi4@telegraph.co.uk,22,BCA
Patton,Selly,psellyi5@omniture.com,25,BSc CS
Ginevra,Brinkler,gbrinkleri6@a8.net,27,BCA
Isidoro,Ackers,iackersi7@jalbum.net,18,BTech
Giavani,Dargan,gdargani8@hhs.gov,18,BSc IT
Winnie,Cota,wcotai9@a8.net,29,BCA
Aviva,Bean,abeania@dell.com,22,BSc CS
Denyse,Grey,dgreyib@amazon.de,26,BSc CS
Demott,Borgars,dborgarsic@addthis.com,26,BCA
Bridget,Orton,bortonid@slashdot.org,27,BSc IT
Arline,Warnes,awarnesie@harvard.edu,30,BTech
Leanora,Couser,lcouserif@goo.gl,23,BTech
Horatius,Gaven,hgavenig@163.com,18,BTech
Chrissy,Blackman,cblackmanih@mlb.com,25,BSc CS
Gertrud,Wharin,gwharinii@prlog.org,23,BTech
Gretel,Peddersen,gpeddersenij@google.co.jp,23,BSc IT
Brandy,Pipping,bpippingik@cargocollective.com,18,BTech
Sylas,Manley,smanleyil@pcworld.com,26,BCA
Bride,Bailles,bbaillesim@miibeian.gov.cn,19,BTech
Kordula,Cammoile,kcammoilein@dropbox.com,18,BCA
Merry,Cahn,mcahnio@ebay.com,24,BTech
Lynne,Baggott,lbaggottip@pen.io,25,BTech
Abagael,Raulston,araulstoniq@angelfire.com,21,BSc CS
Krista,Pursehouse,kpursehouseir@ucoz.ru,18,BTech
Ruprecht,Moreland,rmorelandis@multiply.com,18,BSc IT
Grannie,Stuer,gstuerit@t-online.de,19,BTech
Shaylah,Pashba,spashbaiu@omniture.com,23,BCA
Cilka,Postgate,cpostgateiv@exblog.jp,22,BTech
Tyler,Boulds,tbouldsiw@blogtalkradio.com,29,BTech
Wolfy,Spini,wspiniix@vkontakte.ru,25,BSc CS
Hurleigh,Coldtart,hcoldtartiy@spiegel.de,25,BTech
Jacinda,Waslin,jwasliniz@techcrunch.com,22,BSc CS
Zarla,Snowsill,zsnowsillj0@nasa.gov,28,BSc CS
Onofredo,Blowfield,oblowfieldj1@printfriendly.com,30,BTech
Agnesse,Longthorn,alongthornj2@altervista.org,30,BSc CS
Ellyn,Papez,epapezj3@typepad.com,24,BSc IT
Davey,Kobpa,dkobpaj4@dailymail.co.uk,24,BSc CS
Barbra,Kristoffersson,bkristofferssonj5@oaic.gov.au,29,BSc CS
Seymour,Baccus,sbaccusj6@hibu.com,24,BCA
Currie,Lammerich,clammerichj7@comsenz.com,26,BCA
Nora,Gainor,ngainorj8@ucoz.ru,20,BCA
Alfie,Polini,apolinij9@meetup.com,27,BCA
Wynne,Pfertner,wpfertnerja@discuz.net,23,BTech
Pepita,Bilverstone,pbilverstonejb@hubpages.com,24,BSc CS
Adaline,Pynner,apynnerjc@cpanel.net,29,BSc IT
Eduardo,Simioli,esimiolijd@webeden.co.uk,22,BTech
Ally,Feary,afearyje@slashdot.org,22,BSc IT
Kelci,Patters,kpattersjf@tripadvisor.com,24,BTech
Chancey,Dorey,cdoreyjg@sogou.com,19,BTech
Malory,Dacks,mdacksjh@plala.or.jp,25,BTech
Enrichetta,Pendlenton,ependlentonji@shinystat.com,26,BSc CS
Susy,Endley,sendleyjj@wiley.com,21,BSc CS
Fidelio,McDill,fmcdilljk@merriam-webster.com,30,BCA
Clarette,Canelas,ccanelasjl@stanford.edu,18,BCA
Fabian,Maciejewski,fmaciejewskijm@umn.edu,29,BSc CS
Elihu,Hallihane,ehallihanejn@liveinternet.ru,26,BSc CS
Westbrooke,Bernardez,wbernardezjo@com.com,20,BSc CS
Berti,Caudle,bcaudlejp@list-manage.com,30,BSc CS
Pippy,Loxdale,ploxdalejq@archive.org,29,BCA
Vincenty,Berrisford,vberrisfordjr@friendfeed.com,29,BSc IT
Baryram,Vint,bvintjs@buzzfeed.com,29,BTech
Micky,Hamerton,mhamertonjt@umn.edu,28,BTech
Maurie,Vaisey,mvaiseyju@discuz.net,30,BSc CS
Robbie,Stallwood,rstallwoodjv@marketwatch.com,25,BTech
Caty,Speirs,cspeirsjw@loc.gov,23,BCA
Glennis,Flecknell,gflecknelljx@indiatimes.com,24,BSc CS
Marni,Douberday,mdouberdayjy@360.cn,29,BSc CS
Jarret,Mignot,jmignotjz@canalblog.com,29,BCA
Karla,Hickenbottom,khickenbottomk0@vimeo.com,23,BTech
Bernardina,Duckering,bduckeringk1@topsy.com,30,BSc CS
Hobey,Broomhall,hbroomhallk2@artisteer.com,29,BSc CS
Torrence,Chevolleau,tchevolleauk3@booking.com,26,BSc CS
Huey,Brooks,hbrooksk4@yahoo.co.jp,23,BCA
Laurent,Ahrendsen,lahrendsenk5@blogs.com,21,BSc CS
Aubine,Eagles,aeaglesk6@chronoengine.com,25,BTech
Nathalie,Skypp,nskyppk7@sina.com.cn,25,BSc IT
Tobe,Terrelly,tterrellyk8@google.com.hk,26,BCA
Tades,Brute,tbrutek9@uol.com.br,28,BCA
Justis,Dolder,jdolderka@fastcompany.com,22,BSc CS
Denny,Fairbeard,dfairbeardkb@squarespace.com,27,BCA
Banky,Torrese,btorresekc@netscape.com,27,BCA
Danny,Whitlaw,dwhitlawkd@uiuc.edu,21,BSc IT
Helena,Drakeford,hdrakefordke@wisc.edu,22,BTech
Candis,MacDwyer,cmacdwyerkf@alexa.com,22,BTech
Karrah,Domelow,kdomelowkg@issuu.com,28,BTech
Mable,Craske,mcraskekh@techcrunch.com,19,BSc CS
Toni,Ruusa,truusaki@livejournal.com,19,BSc CS
Klement,Mears,kmearskj@yolasite.com,30,BSc IT
Elmore,O'Reilly,eoreillykk@free.fr,27,BSc CS
Marti,Troutbeck,mtroutbeckkl@purevolume.com,22,BSc IT
Anselma,Millwater,amillwaterkm@indiatimes.com,27,BTech
Mikol,Batrick,mbatrickkn@freewebs.com,21,BSc IT
Ailyn,Goodley,agoodleyko@fda.gov,23,BTech
Alica,Gavrielly,agavriellykp@acquirethisname.com,25,BSc IT
Stephani,Bosche,sboschekq@sohu.com,25,BTech
Colline,Schenfisch,cschenfischkr@reddit.com,30,BTech
Ignazio,Gilstoun,igilstounks@irs.gov,22,BSc IT
Jean,Dukesbury,jdukesburykt@businessweek.com,23,BSc CS
Peta,Ishchenko,pishchenkoku@irs.gov,25,BSc CS
Catherina,Hildrew,childrewkv@livejournal.com,22,BSc CS
Astrix,Casine,acasinekw@zimbio.com,24,BCA
Shelley,Bampforth,sbampforthkx@multiply.com,18,BSc IT
Darya,Paulon,dpaulonky@cargocollective.com,30,BSc CS
Connie,Branche,cbranchekz@pen.io,30,BSc CS
Wanids,Coggins,wcogginsl0@twitter.com,29,BTech
Oliver,Duny,odunyl1@sina.com.cn,25,BSc CS
Fey,Ayling,faylingl2@about.com,30,BSc IT
Shina,Infante,sinfantel3@dailymail.co.uk,30,BSc CS
Ursuline,Bellenie,ubelleniel4@arstechnica.com,28,BSc CS
Ignacius,Tidcombe,itidcombel5@php.net,22,BSc IT
Sophia,Vayne,svaynel6@xinhuanet.com,26,BTech
Kev,Barta,kbartal7@facebook.com,29,BTech
Hilarius,Carayol,hcarayoll8@blinklist.com,24,BSc CS
Alecia,Redley,aredleyl9@imageshack.us,24,BSc IT
Waneta,Pepi,wpepila@liveinternet.ru,29,BCA
Madonna,Maffezzoli,mmaffezzolilb@networkadvertising.org,18,BCA
Stanislas,Jaksic,sjaksiclc@ebay.com,18,BSc CS
Packston,Kopec,pkopecld@telegraph.co.uk,18,BSc CS
Maryrose,Espinazo,mespinazole@nyu.edu,18,BTech
Lydia,Shovel,lshovellf@cornell.edu,20,BTech
Shaughn,Latour,slatourlg@netvibes.com,24,BCA
Cherida,Kinnier,ckinnierlh@hc360.com,26,BCA
Marlyn,Tabrett,mtabrettli@edublogs.org,19,BSc CS
Melina,Websdale,mwebsdalelj@globo.com,19,BSc CS
Nikolas,Chappell,nchappelllk@gnu.org,26,BCA
Dougie,Sanday,dsandayll@si.edu,30,BSc IT
Grata,Tonn,gtonnlm@forbes.com,28,BSc CS
Roxi,Pren,rprenln@github.com,23,BSc IT
Binky,Gaisford,bgaisfordlo@angelfire.com,20,BSc CS
Anallise,James,ajameslp@aol.com,24,BTech
Maurizio,D'Abbot-Doyle,mdabbotdoylelq@wired.com,28,BSc CS
Coriss,Benedyktowicz,cbenedyktowiczlr@weather.com,30,BSc IT
Doro,Westphal,dwestphalls@icio.us,28,BTech
Niki,Pennigar,npennigarlt@howstuffworks.com,26,BCA
Sargent,O'Logan,sologanlu@msn.com,29,BSc IT
Garv,Bolley,gbolleylv@sina.com.cn,22,BCA
Farrell,Kirkham,fkirkhamlw@free.fr,24,BSc CS
Genevieve,Conboy,gconboylx@economist.com,21,BTech
Kane,Anders,kandersly@jimdo.com,22,BSc IT
Analiese,Negal,anegallz@vistaprint.com,18,BSc CS
Scot,Hoovart,shoovartm0@cisco.com,29,BTech
Wilfrid,Whitecross,wwhitecrossm1@mail.ru,28,BSc CS
Patrica,Cottill,pcottillm2@reverbnation.com,30,BTech
Ali,Budget,abudgetm3@bbc.co.uk,27,BSc IT
Brigitte,Durkin,bdurkinm4@gnu.org,23,BSc CS
Georgie,Phibb,gphibbm5@pen.io,20,BSc IT
Dulce,Kezor,dkezorm6@domainmarket.com,20,BSc CS
Paten,Oppery,popperym7@live.com,19,BSc CS
Pammy,Spinage,pspinagem8@dion.ne.jp,30,BCA
Derek,Schruyers,dschruyersm9@dagondesign.com,26,BTech
Helaina,Sargent,hsargentma@google.ca,27,BSc IT
Ruby,Morrice,rmorricemb@sogou.com,21,BTech
Joby,Cowpland,jcowplandmc@vk.com,29,BSc CS
Aleece,Ainsworth,aainsworthmd@bbc.co.uk,26,BCA
Ollie,Burgher,oburgherme@cnbc.com,20,BCA
Major,Ingledow,mingledowmf@baidu.com,18,BSc IT
Ellery,Peggs,epeggsmg@illinois.edu,27,BTech
Lexine,Langstaff,llangstaffmh@t-online.de,19,BSc IT
Raychel,Calles,rcallesmi@flavors.me,25,BSc CS
Coraline,Semrad,csemradmj@blogtalkradio.com,20,BTech
Mildrid,Gosse,mgossemk@cbslocal.com,18,BTech
Averill,Sandaver,asandaverml@dailymail.co.uk,29,BCA
Bertine,Wenger,bwengermm@springer.com,29,BSc IT
Mikol,Guiet,mguietmn@naver.com,23,BCA
Tann,Barczewski,tbarczewskimo@a8.net,29,BTech
Giuseppe,Steketee,gsteketeemp@bbb.org,27,BSc IT
Barnett,Ivannikov,bivannikovmq@reddit.com,25,BCA
Launce,Tweddell,ltweddellmr@state.gov,23,BCA
Tito,Bowart,tbowartms@booking.com,26,BSc IT
Davidde,Ferrar,dferrarmt@java.com,23,BTech
Zilvia,Franceschi,zfranceschimu@uol.com.br,23,BSc IT
Farand,Tapp,ftappmv@geocities.com,28,BTech
Kynthia,Tume,ktumemw@ihg.com,26,BSc CS
Ephrayim,Tilbury,etilburymx@mozilla.org,23,BSc CS
Gibb,Dudney,gdudneymy@usgs.gov,30,BTech
Ceil,Mainds,cmaindsmz@t-online.de,18,BCA
Laird,Gillio,lgillion0@telegraph.co.uk,24,BSc IT
Beryl,Caddell,bcaddelln1@quantcast.com,23,BCA
Kristofer,McLeese,kmcleesen2@alibaba.com,27,BSc IT
Cordie,McIllrick,cmcillrickn3@live.com,20,BTech
Aubert,D'Oyly,adoylyn4@usgs.gov,28,BSc CS
Peggy,Splevin,psplevinn5@nasa.gov,21,BSc CS
Hillard,Goolding,hgooldingn6@merriam-webster.com,23,BCA
Sherm,Chetwynd,schetwyndn7@instagram.com,26,BSc IT
Selena,Thake,sthaken8@hugedomains.com,20,BSc IT
Cobbie,Edgworth,cedgworthn9@cpanel.net,27,BCA
Collen,Pass,cpassna@google.cn,30,BSc CS
Gallard,Pollicote,gpollicotenb@1und1.de,26,BTech
Carrie,Berrisford,cberrisfordnc@cafepress.com,28,BCA
Elwin,Wickens,ewickensnd@trellian.com,21,BSc CS
Agnes,Sylvester,asylvesterne@irs.gov,19,BTech
Margarette,Chartre,mchartrenf@guardian.co.uk,28,BCA
Olive,Couth,ocouthng@networksolutions.com,30,BSc IT
Hamlen,Yearns,hyearnsnh@purevolume.com,19,BSc IT
Willy,Presser,wpresserni@google.co.jp,18,BSc CS
Muriel,Handsheart,mhandsheartnj@businessweek.com,20,BCA
My,Pullar,mpullarnk@cloudflare.com,21,BSc CS
Violetta,Hanselmann,vhanselmannnl@about.me,24,BTech
Lenka,Armitage,larmitagenm@ca.gov,22,BSc CS
See,Shucksmith,sshucksmithnn@kickstarter.com,18,BCA
Lucilia,Kilmary,lkilmaryno@arstechnica.com,27,BCA
Francisco,Donald,fdonaldnp@usgs.gov,22,BCA
Allin,Kunzelmann,akunzelmannnq@booking.com,21,BTech
Rockwell,Odgers,rodgersnr@umn.edu,28,BSc IT
Rodolphe,Guidera,rguiderans@nydailynews.com,29,BSc CS
Carly,Mee,cmeent@examiner.com,20,BSc CS
Carlin,Everington,ceveringtonnu@ted.com,24,BTech
Jerrine,Janik,jjaniknv@360.cn,23,BCA
Clementius,Ducrow,cducrownw@umn.edu,18,BSc CS
Dyann,Stapells,dstapellsnx@japanpost.jp,21,BCA
Andeee,Stanyer,astanyerny@purevolume.com,18,BCA
Clareta,Houchin,chouchinnz@jimdo.com,26,BTech
Courtney,Callaway,ccallawayo0@google.es,26,BSc IT
Merline,Iskow,miskowo1@myspace.com,24,BTech
Kipper,Schnitter,kschnittero2@earthlink.net,30,BSc IT
Estella,Paddie,epaddieo3@google.com.hk,25,BTech
Isador,Tunbridge,itunbridgeo4@ebay.com,18,BSc IT
Floyd,Ceaser,fceasero5@dmoz.org,24,BSc CS
Stavros,Pittam,spittamo6@washington.edu,20,BSc CS
Spence,Mottini,smottinio7@i2i.jp,28,BSc IT
Nettle,Hemstead,nhemsteado8@theglobeandmail.com,18,BSc IT
Clarinda,Videler,cvidelero9@chronoengine.com,30,BSc IT
Hodge,Matysik,hmatysikoa@woothemes.com,18,BTech
Marie-ann,Domaschke,mdomaschkeob@google.fr,22,BTech
Tildi,Rubert,trubertoc@mapquest.com,30,BTech
Enos,Stuckford,estuckfordod@gizmodo.com,25,BTech
Mariellen,Odcroft,modcroftoe@china.com.cn,23,BCA
Luciano,Obey,lobeyof@utexas.edu,24,BSc CS
Aron,Filipczak,afilipczakog@senate.gov,30,BSc CS
Casper,Syne,csyneoh@sciencedaily.com,20,BCA
Berkley,Keefe,bkeefeoi@printfriendly.com,23,BTech
De,Capstick,dcapstickoj@feedburner.com,19,BTech
Sapphira,Rudloff,srudloffok@pbs.org,24,BTech
Alec,Ducker,aduckerol@uiuc.edu,30,BTech
Isidor,Jelk,ijelkom@opera.com,18,BSc IT
Yasmeen,Polfer,ypolferon@cbsnews.com,30,BSc IT
Sandra,Robart,srobartoo@pinterest.com,26,BCA
Mattias,Scargill,mscargillop@barnesandnoble.com,20,BTech
Cort,Donati,cdonatioq@canalblog.com,20,BTech
Lonnie,Verner,lverneror@scribd.com,23,BSc CS
Desiree,Pavek,dpavekos@ebay.co.uk,27,BTech
Derek,Cardus,dcardusot@spiegel.de,26,BSc IT
Gaspard,Chasteney,gchasteneyou@mtv.com,30,BSc IT
Justis,Roberson,jrobersonov@cafepress.com,29,BCA
Karel,Dulany,kdulanyow@un.org,18,BSc CS
Allayne,Scaife,ascaifeox@opensource.org,26,BTech
Brice,Tripcony,btripconyoy@whitehouse.gov,28,BSc CS
Cam,Dabel,cdabeloz@bloglovin.com,23,BCA
Dolley,Grimble,dgrimblep0@globo.com,30,BTech
Joete,Whear,jwhearp1@goo.ne.jp,21,BSc IT
Idell,Fricker,ifrickerp2@geocities.jp,28,BTech
Berkie,Bollen,bbollenp3@csmonitor.com,29,BCA
Gwyneth,Bounds,gboundsp4@ted.com,27,BSc CS
Ulises,Ryman,urymanp5@loc.gov,22,BTech
Cecilius,Winning,cwinningp6@biblegateway.com,21,BSc IT
Jacob,Pulteneye,jpulteneyep7@ihg.com,27,BCA
Fleming,Holstein,fholsteinp8@mashable.com,21,BSc CS
Lorrie,Ivashchenko,livashchenkop9@icio.us,18,BSc CS
Sheela,Fasse,sfassepa@washington.edu,18,BSc IT
Judith,Sabbatier,jsabbatierpb@samsung.com,29,BSc IT
Marcel,Quarlis,mquarlispc@youtu.be,22,BSc IT
Babara,Duham,bduhampd@weather.com,23,BCA
Florette,Sedger,fsedgerpe@hubpages.com,23,BCA
Kary,Leve,klevepf@dyndns.org,21,BTech
Paquito,Harragin,pharraginpg@yandex.ru,20,BSc IT
Whitman,Albasini,walbasiniph@tmall.com,26,BSc CS
Isadora,Josse,ijossepi@lycos.com,22,BSc IT
Lew,Bythway,lbythwaypj@jigsy.com,30,BCA
Hewett,Reams,hreamspk@addtoany.com,30,BSc CS
Meridel,Petrelluzzi,mpetrelluzzipl@oracle.com,19,BTech
Aldric,Benninger,abenningerpm@bloomberg.com,19,BSc CS
Alanna,De Simone,adesimonepn@about.com,18,BSc CS
Alisa,Brownsmith,abrownsmithpo@cbsnews.com,27,BCA
Adolphus,Gowling,agowlingpp@dell.com,19,BSc CS
Quinton,Holdall,qholdallpq@oaic.gov.au,23,BSc IT
Lizette,Melloi,lmelloipr@macromedia.com,25,BCA
Jessika,Zorzenoni,jzorzenonips@desdev.cn,27,BTech
Berk,Feldhammer,bfeldhammerpt@i2i.jp,25,BCA
Clarabelle,Mumbray,cmumbraypu@theglobeandmail.com,22,BSc CS
Roth,Woodroffe,rwoodroffepv@japanpost.jp,26,BCA
Caye,McUre,cmcurepw@narod.ru,24,BSc CS
Fraze,Scannell,fscannellpx@icio.us,27,BSc CS
Tadio,Tilney,ttilneypy@parallels.com,26,BSc IT
Ximenes,Iannelli,xiannellipz@youku.com,30,BSc CS
Red,Ivanishin,rivanishinq0@pinterest.com,27,BSc IT
Shep,Stoneham,sstonehamq1@pen.io,18,BCA
Fabio,Truse,ftruseq2@ehow.com,24,BCA
Job,Wands,jwandsq3@miibeian.gov.cn,24,BSc CS
Cecily,Clatworthy,cclatworthyq4@senate.gov,22,BSc CS
Ave,Aleksankov,aaleksankovq5@over-blog.com,22,BTech
Willie,Mauro,wmauroq6@jigsy.com,21,BCA
Noach,Harnott,nharnottq7@vk.com,30,BTech
Ugo,Kruszelnicki,ukruszelnickiq8@shareasale.com,25,BTech
Vi,Teresia,vteresiaq9@pbs.org,27,BTech
Gard,Demare,gdemareqa@taobao.com,22,BTech
Nester,Warcup,nwarcupqb@csmonitor.com,19,BCA
Marcella,Blakebrough,mblakebroughqc@forbes.com,28,BTech
Jannelle,Sjollema,jsjollemaqd@amazonaws.com,24,BCA
Hannie,Knappen,hknappenqe@businessinsider.com,19,BSc CS
Shep,Treadwell,streadwellqf@uiuc.edu,18,BTech
Cordie,Lansdale,clansdaleqg@friendfeed.com,24,BSc CS
Nolly,Jacketts,njackettsqh@yandex.ru,24,BTech
Hercules,O'Hern,hohernqi@intel.com,24,BCA
Latia,Ibbeson,libbesonqj@tiny.cc,21,BSc IT
Hetti,Rennolds,hrennoldsqk@prlog.org,24,BCA
Garold,Dimmick,gdimmickql@va.gov,27,BSc CS
Gwendolyn,Kenway,gkenwayqm@miitbeian.gov.cn,18,BSc CS
Ximenez,Wise,xwiseqn@oaic.gov.au,21,BSc CS
Calvin,Troppmann,ctroppmannqo@nsw.gov.au,27,BTech
Moyna,Cleugher,mcleugherqp@pbs.org,24,BSc IT
Morgan,Gilfoy,mgilfoyqq@nhs.uk,23,BSc CS
Eldredge,Ryley,eryleyqr@tripod.com,18,BSc CS
Benetta,Ruffli,bruffliqs@4shared.com,30,BCA
Gusella,Garbutt,ggarbuttqt@economist.com,18,BTech
Jamison,Straun,jstraunqu@google.nl,28,BCA
Tomasina,Lemmertz,tlemmertzqv@google.cn,30,BTech
Vicki,Fulstow,vfulstowqw@stanford.edu,30,BSc CS
Lissie,Bereford,lberefordqx@webnode.com,23,BCA
Luz,Horsley,lhorsleyqy@dagondesign.com,27,BTech
Rachel,McNirlin,rmcnirlinqz@ycombinator.com,28,BCA
Wilhelm,Shorto,wshortor0@godaddy.com,25,BTech
Selestina,Crozier,scrozierr1@trellian.com,28,BTech
Pegeen,Sleaford,psleafordr2@amazon.co.jp,27,BTech
Lise,Adshead,ladsheadr3@unesco.org,18,BSc CS
Nelle,Bosdet,nbosdetr4@addtoany.com,22,BTech
Vina,Lideard,vlideardr5@smugmug.com,20,BSc CS
Ferdie,Silverwood,fsilverwoodr6@aol.com,26,BSc CS
Gregor,Seeger,gseegerr7@facebook.com,25,BCA
Loutitia,Goggen,lgoggenr8@jiathis.com,21,BTech
Marlow,McGrann,mmcgrannr9@booking.com,29,BSc CS
Kali,Tigner,ktignerra@wisc.edu,28,BTech
Janifer,Wedgwood,jwedgwoodrb@biglobe.ne.jp,25,BCA
Sargent,Butfield,sbutfieldrc@google.nl,22,BSc IT
Ursuline,Ashment,uashmentrd@360.cn,22,BSc CS
Davie,Lagneaux,dlagneauxre@hostgator.com,27,BCA
Richardo,Faulo,rfaulorf@cafepress.com,23,BSc IT
Sibelle,Dregan,sdreganrg@china.com.cn,30,BSc IT
Rhona,Episcopi,repiscopirh@miitbeian.gov.cn,22,BSc CS
Rois,Bowker,rbowkerri@woothemes.com,18,BSc IT
Christophe,Ferrer,cferrerrj@ed.gov,30,BSc CS
Twila,Bidnall,tbidnallrk@clickbank.net,25,BSc IT
Skipton,Thalmann,sthalmannrl@reuters.com,22,BCA
Alaster,Leare,alearerm@theguardian.com,23,BSc CS
Hephzibah,Harden,hhardenrn@admin.ch,25,BTech
Leon,Gustus,lgustusro@utexas.edu,19,BSc IT
Erminie,Steddall,esteddallrp@alibaba.com,18,BCA
Hercules,Bullent,hbullentrq@smh.com.au,26,BSc IT
Gustaf,Roffey,groffeyrr@cnn.com,29,BTech
